<?xml version="1.0" encoding="UTF-8" standalone="yes"?>
<addon id="plugin.video.workatl" name="EBS TV " version="1.0.0" provider-name="Goldi F.">
  <requires>
		<import addon="xbmc.python" version="2.1.0"/>
  </requires>
  <extension point="xbmc.python.pluginsource" library="default.py">
        <provides>video</provides>
  </extension>
  <extension point="xbmc.addon.metadata">
		<summary lang="en">TV Streaming</summary>
		<description lang="en">Live Television Streaming</description>
		<platform>all</platform>
		<language>en</language>
		<email></email>
		<language></language>
		<license></license>
		<forum></forum>
		<website></website>
		<source></source>
  </extension>
</addon>
